Title,PublishedDate,Source,URL,ImageURL,Article
"What’s so special about orange cats? Turns out they’re freaks of nature","Fri May 23 18:59:54 EEST 2025","CNN","https://www.cnn.com/2025/05/23/science/orange-cats-genetic-mutation","https://media.cnn.com/api/v1/images/stellar/prod/gettyimages-142832910.jpg?c=16x9&q=w_800,c_fill","Sign up for CNNs Wonder Theory science newsletter. Explore the universe with news on fascinating discoveries, scientific advancements and more.  A new study may have uncovered exactly what makes oran… [+6485 chars]"
"Reuters: Trump shows an image from Congo, not South Africa | CNN","Fri May 23 19:16:21 EEST 2025","CNN","https://www.cnn.com/2025/05/23/world/video/trump-south-africa-congo-vrtc","https://media.cnn.com/api/v1/images/stellar/prod/thumb-larry-trump-congo-vrtc.jpg?c=16x9&q=w_800,c_fill","Beauty influencer Valeria Marquez was shot dead during a TikTok livestream from her salon in Zapopan, Mexico. The case is being investigated as a suspected femicide, according to local authorities. J… [+145 chars]"
"Ringleader in Kardashian robbery plot found guilty by Paris court","Fri May 23 18:25:32 EEST 2025","CNN","https://www.cnn.com/2025/05/23/world/kim-kardashian-trial-verdict-latam-intl","https://media.cnn.com/api/v1/images/stellar/prod/2025-05-13t170957z-341388957-rc24heavqbh3-rtrmadp-3-people-kim-kardashian.JPG?c=16x9&q=w_800,c_fill","The ringleader of a plot to tie up and rob billionaire reality TV star Kim Kardashian has been found guilty by a Paris court.  This is a developing story and will be updated."
"Several people sustain ‘life-threatening’ injuries in knife attack at Hamburg’s Central Station, police say","Fri May 23 17:59:43 EEST 2025","CNN","https://www.cnn.com/2025/05/23/europe/knife-attack-hamburg-central-station-latam-intl","https://media.cnn.com/api/v1/images/stellar/prod/gettyimages-2215943744.jpg?c=16x9&q=w_800,c_fill","Several people have sustained life-threatening injuries in a knife attack at Hamburgs Central Station, German police said Friday evening.  Police said they have arrested a 39-year-old woman, who they… [+234 chars]"
"Billy Joel cancels upcoming tour due to neurological disorder","Fri May 23 17:17:45 EEST 2025","CNN","https://www.cnn.com/2025/05/23/entertainment/billy-joel-tour-canceled-nph-brain-disorder","https://media.cnn.com/api/v1/images/stellar/prod/gettyimages-2183985002.jpg?c=16x9&q=w_800,c_fill","Billy Joels upcoming tour dates have been canceled as the legendary performer seeks treatment for Normal Pressure Hydrocephalus (NPH), a condition that affects the brain, according to a statement rel… [+1751 chars]"
"Ukraine and Russia begin large-scale prisoner exchange, source says","Fri May 23 11:08:05 EEST 2025","CNN","https://www.cnn.com/2025/05/23/europe/ukraine-and-russia-biggest-prisoner-exchange-war-intl","https://media.cnn.com/api/v1/images/stellar/prod/gettyimages-2214733850.jpg?c=16x9&q=w_800,c_fill","A major prisoner exchange between Russia and Ukraine is now under way, according to a Ukrainian source familiar with the matter.  The swap started on Friday and is expected to unfold over several day… [+1525 chars]"
"Twin 19-year-olds were found dead on a remote Georgia mountaintop. Police now say they’ve solved the mystery","Fri May 23 10:00:51 EEST 2025","CNN","https://www.cnn.com/2025/05/23/us/qaadir-naazir-lewis-georgia-deaths-cec","https://media.cnn.com/api/v1/images/stellar/prod/l1000886.jpg?c=16x9&q=w_800,c_fill","EDITORS NOTE:  Help is available if you or someone you know is struggling with suicidal thoughts or mental health matters. In the US, call or text 988 to reach the Suicide &amp; Crisis Lifeline.  Qaa… [+11243 chars]"
"How much is too much to spend on a watch? | CNN","Fri May 23 08:00:52 EEST 2025","CNN","https://www.cnn.com/2025/05/23/style/video/luxury-watch-price-investment-digvid-cprog","https://media.cnn.com/api/v1/images/stellar/prod/luxury-watch-price-investment-digvid-cprog-1.jpg?c=16x9&q=w_800,c_fill","The perfect price for a watch is 'very personal,' say experts Brynn Wallner and Vincent Brasesco, who break down the many things to consider when buying a watch - and what the sweetspot for a luxury … [+21 chars]"
"A fifth suspect has been arrested for allegedly helping fugitives who escaped from a New Orleans jail","Fri May 23 04:06:04 EEST 2025","CNN","https://www.cnn.com/2025/05/23/us/new-orleans-jailbreak-third-arrest-hnk","https://media.cnn.com/api/v1/images/stellar/prod/still-21630896-101528-still-20250521212142753.jpg?c=16x9&q=w_800,c_fill","[Breaking news update, published at 2:01 p.m. ET]  Five suspected accomplices have been arrested for allegedly helping some of the 10 escapees who broke out of the Orleans Justice Center last week.  … [+6630 chars]"
"CNN Headlines | CNN","Tue Sep 03 19:55:38 EEST 2024","CNN","https://www.cnn.com/videos/fast/cnn-headlines","https://media.cnn.com/api/v1/images/stellar/prod/cnn-headlines-placeholder-1920x1080.png?c=16x9&q=w_800,c_fill","CNN Headlines is a curated channel covering major news events across politics, international, business, and entertainment, and showcasing the most impactful stories of the day."
"A lens on poverty and the environment: Sebastiao Salgado is dead at age 81","Fri May 23 19:16:34 EEST 2025","Al Jazeera English","https://www.aljazeera.com/news/2025/5/23/a-lens-on-poverty-and-the-environment-sebastiao-salgado-is-dead-at-age-81","https://www.aljazeera.com/wp-content/uploads/2025/05/AP25143582839818-1748020922.jpg?resize=1920%2C1440","Known for sweeping black-and-white photography that captured the natural world and marginalised communities, Brazilian photographer Sebastiao Salgado has passed away at age 81.  His death was confirm… [+5512 chars]"
"Ukraine, Russia exchange hundreds of soldiers, civilians in prisoner swap","Fri May 23 17:24:30 EEST 2025","Al Jazeera English","https://www.aljazeera.com/news/2025/5/23/ukraine-russia-exchange-hundreds-of-soldiers-civilians-in-prisoner-swap","https://www.aljazeera.com/wp-content/uploads/2025/05/AP25143590197839-1748019144.jpg?resize=1200%2C675","Russia and Ukraine say that they have swapped hundreds of prisoners in the first phase of a major exchange that was agreed at recent direct talks in Turkiye.  Ukrainian President Volodymyr Zelenskyy … [+2606 chars]"
"‘No soldiers, no occupation’: Israel’s anti-war protests small, but growing","Fri May 23 17:15:00 EEST 2025","Al Jazeera English","https://www.aljazeera.com/news/2025/5/23/no-soldiers-no-occupation-israels-anti-war-protests-small-but-growing","https://www.aljazeera.com/wp-content/uploads/2025/05/AFP__20250517__474T73N__v1__HighRes__IsraelPalestinianConflictHostages-1747541841.jpg?resize=1920%2C1440","One of the guards came up to me and asked if I was there to save Gazas children, then he punched me in the stomach, Alon-Lee Green said, recounting his experience in an Israeli prison this week.  Gre… [+8160 chars]"
"US judge blocks Trump effort to bar Harvard from enrolling foreign students","Fri May 23 16:35:37 EEST 2025","Al Jazeera English","https://www.aljazeera.com/news/2025/5/23/blatant-violation-harvard-sues-trump-over-move-to-block-foreign-students","https://www.aljazeera.com/wp-content/uploads/2025/05/2025-04-15T233353Z_797009637_RC2IYDAYUSGO_RTRMADP_3_USA-TRUMP-UNIVERSITIES-1748009711.jpg?resize=1920%2C1440","A United States judge has issued a temporary restraining order against an effort to prevent Harvard University from enrolling foreign students.  Fridays ruling comes in response to an emergency petit… [+5950 chars]"
"Trump threatens 50% tariffs on EU, 25% on Apple, ratcheting up trade war","Fri May 23 16:03:56 EEST 2025","Al Jazeera English","https://www.aljazeera.com/economy/2025/5/23/trump-threatens-50-tariffs-on-eu-25-on-apple-ratcheting-up-trade-war","https://www.aljazeera.com/wp-content/uploads/2025/05/AFP__20250523__47TQ2YU__v1__HighRes__UsPoliticsTrump-1748012273.jpg?resize=1920%2C1440","US President Donald Trump has threatened a 50-percent tariff on all imports from the European Union and 25-percent on Apple products unless iPhones are made in the United States.  The president annou… [+5858 chars]"
"Pakistan, Afghanistan move towards ‘restoring ties’ in talks with China","Fri May 23 15:28:07 EEST 2025","Al Jazeera English","https://www.aljazeera.com/news/2025/5/23/pakistan-afghanistan-move-towards-restoring-ties-in-talks-with-china","https://www.aljazeera.com/wp-content/uploads/2025/05/W020250521708084201410-1748006712.png?resize=1200%2C675","Islamabad, Pakistan  As Pakistan remained embroiled in a war of words with its archrival India following a dramatic exchange of missiles and drones nearly two weeks ago it this week advanced diplomat… [+8768 chars]"
"‘Tortured’ Ugandan activist dumped at border following arrest in Tanzania","Fri May 23 11:44:15 EEST 2025","Al Jazeera English","https://www.aljazeera.com/news/2025/5/23/tortured-ugandan-activist-dumped-at-border-following-arrest-in-tanzania","https://www.aljazeera.com/wp-content/uploads/2025/05/12074364-1747991819.jpg?resize=1200%2C675","A Ugandan human rights activist, arrested in Tanzania after travelling to the country to support an opposition politician at a trial for treason, has been tortured and dumped at the border, according… [+2454 chars]"
"‘Red lines’ stalk fifth round of Iran-US nuclear talks","Fri May 23 08:33:13 EEST 2025","Al Jazeera English","https://www.aljazeera.com/news/2025/5/23/red-lines-stalk-fifth-round-of-iran-us-nuclear-talks","https://www.aljazeera.com/wp-content/uploads/2025/04/AFP__20250409__39MG7QT__v1__HighRes__FilesComboOmanUsIranDiplomacyNuclear-1745047172_9e3436-1745048040.jpg?resize=1920%2C1440","Iran and the United States are set to hold a fifth round of talks on Tehrans nuclear programme amid uncompromising rhetoric on both sides.  Irans Foreign Minister Abbas Araghchi and US President Dona… [+3166 chars]"
"EU membership, seizing Russia’s money needed to rebuild Ukraine: Analysts","Fri May 23 06:42:56 EEST 2025","Al Jazeera English","https://www.aljazeera.com/news/2025/5/23/eu-membership-seizing-russias-money-needed-to-rebuild-ukraine-analysts","https://www.aljazeera.com/wp-content/uploads/2025/05/2025-05-22T081659Z_701004694_RC2CMEAK5TY2_RTRMADP_3_UKRAINE-CRISIS-POKROVSK-1747942312.jpg?resize=1920%2C1440","Ceasefire negotiations between Russia and Ukraine may soon be under way, but Ukraines economic recovery will be hobbled unless the European Union fast-tracks the war-torn countrys membership and prov… [+8082 chars]"
"LIVE: Israeli attacks kill 85 in Gaza as ‘starvation-related deaths’ hit 29","Fri May 23 00:00:00 EEST 2025","Al Jazeera English","https://www.aljazeera.com/news/liveblog/2025/5/23/live-israeli-attacks-kill-85-in-gaza-as-starvation-related-deaths-hit-29","https://www.aljazeera.com/wp-content/uploads/2025/05/AA-20250522-38049977-38049952-ISRAELI_ATTACKS_CONTINUE_ON_GAZA-1747957427_e84b7e-1747957718.jpg?resize=1200%2C630&quality=80","blinking-dot  Live updatesLive updates,   Al Jazeeras correspondent in Gaza says displaced Palestinians are being forced into death trap evacuation zones by Israels military."
"Port Macquarie: Kangaroo 'tries to drown' man in Australia floodwaters","Fri May 23 21:27:41 EEST 2025","BBC News","https://www.bbc.co.uk/news/articles/cvg71gqe068o","https://ichef.bbci.co.uk/ace/branded_news/1200/cpsprodpb/89ff/live/ed161050-37e5-11f0-89be-1318f07bc92e.png","The kangaroo is suspected to have been trapped by rising waters (stock image)  A 'really muscly' kangaroo 'tried to drown' a man in Australia, after the two got into a punch-up.  Don James is said to have found himself fighting for his life as the marsupial held him down in floodwaters which had pooled on the side of the road near Port Macquarie - only escaping after the animal appeared to become spooked.  Kristy Lees, who watched the battle unfold in her rear-view mirror, told the BBC: 'It's not every day a big, male kangaroo decides to take you on... Even in Australia, you do not expect to see it.'  She suspects the 'very distressed' kangaroo had become trapped in the area following the record flooding that hit New South Wales this week, leaving five people dead.  Ms Lees was first alerted to the kangaroo's presence as she drove down to check the water levels in Port Macquarie's North Shore with her husband, at about 09:00 local time on Friday (23:00 GMT on Thursday).  Two men - one of whom was later identified as Don James by Australian news network ABC, external - warned them that there was a 'really big' kangaroo just around the next parked car.  And sure enough, there was the kangaroo - 'as big as the car' it was standing next to.  The next thing Ms Lees knew, the kangaroo had launched towards her car, which she had slowed to a crawl so as not to startle the animal, and started to attack it.  But as he moved round to her side of the car, the kangaroo appeared to spot another target: Mr James, who was still walking away up the road.  The kangaroo gave chase.  'They literally got into a boxing match,' Kristy said. 'I'm looking in the rear-view mirror and they are throwing punches.'  Mr James then ran backwards before tripping and falling into a patch of floodwater by the side of the road.  The next thing Kristy knew, the 'kangaroo was holding him down'.  'The kangaroo tried to drown the man,' she said. 'I realised what was happening and told my husband [who couldn't see the fight from his seat] to get out the car and help.'  But then the kangaroo appears to have been spooked - perhaps by the approaching car driven by Mr James's friend - allowing him to escape down towards Ms Lees, who has since tried to warn as many neighbours as possible.  'The kangaroo was trying to drown me,' he told Ms Lees, who was able to say she had seen it all.  'I just remember being under water and kicking and screaming and carrying on,' Mr James later told ABC.  It was, he said, 'pretty traumatic for a while there'.  Kangaroos have been known to appear to attempt to drown their foes - although these are usually animals the size of dogs.  Kangaroo ecologist Graeme Coulson, from the University of Melbourne, revealed to ABC that his neighbour had lost two dogs that way., external  'There's a very strong instinct - kangaroos will go to water if they're threatened by a predator,' he told the news network.  However, he said, the behaviour is likely more about protecting themselves than drowning their foe.  That is unlikely to make Mr James feel any better about Friday morning's altercation - especially as he told Ms Lees that just 12 months ago he had fended off another attack, that time by a great white shark.  'I feel like they're trying to kill me, all these animals,' he reportedly said.  The BBC has attempted to contact Mr James for comment.  Four dead, several missing in record Australia flooding  Australian man killed by kangaroo he kept as pet  Cattle washed on to beaches in widespread Australia floods"
"As Israel faces diplomatic 'tsunami', Trump is staying quiet","Fri May 23 20:20:04 EEST 2025","BBC News","https://www.bbc.co.uk/news/articles/czxypdqnly4o","https://ichef.bbci.co.uk/ace/branded_news/1200/cpsprodpb/f512/live/416caf90-3801-11f0-9fd9-17e174727c02.jpg","A headline in Israel's liberal daily Ha'aretz this week put it starkly: 'Diplomatic tsunami nears,' it warned, 'as Europe begins to act against Israel's 'complete madness' in Gaza.'  This week's diplomatic assault has taken many forms, not all of them foreseen.  From concerted international condemnation of Israel's actions in Gaza, to the shocking murder of two young Israeli embassy staff members in Washington, this has been, to put it mildly, a tumultuous week for the Jewish state.  The waves started crashing on Israel's shores on Monday evening, when Britain, France and Canada issued a joint statement condemning its 'egregious' actions in Gaza.  All three warned of the possibility of 'further concrete actions' if Israel continued its renewed military offensive and failed to lift restrictions on humanitarian aid.  They also threatened 'targeted sanctions' in response to Israel's settlement activity in the occupied West Bank.  A statement from 24 donor nations followed, condemning a new, Israeli-backed aid delivery model for Gaza.  But that was just the start.  On Tuesday, Britain suspended trade talks with Israel and said a 2023 road map for future cooperation was being reviewed.  A fresh round of sanctions was imposed on Jewish settlers, including Daniela Weiss, a prominent figure who featured in Louis Theroux's recent documentary, The Settlers.  Israel's ambassador in London, Tzipi Hotovely, was summoned to the Foreign Office, a move generally reserved for the representatives of countries like Russia and Iran.  To make matters worse for Israel, the EU's foreign policy chief Kaja Kallas said a 'strong majority' of the bloc's members favoured reviewing the 25-year-old Association Agreement with Israel.  The reasons for this flurry of diplomatic condemnation seemed clear enough.  Evidence that Gaza was closer to mass starvation than at any time since the war began, following Hamas's attack in October 2023, was sending ripples of horror across the world.  Israel's military offensive, and the rhetoric surrounding it, suggested that conditions in the stricken territory were about to deteriorate once more.  Addressing MPs on Tuesday, UK Foreign Secretary David Lammy singled out the words of Israel's hardline Finance Minister Bezalel Smotrich, who had spoken of 'cleansing' Gaza, 'destroying what's left' and relocating the civilian population to third countries.  'We must call this what it is,' Lammy said. 'It's extremism. It is dangerous. It is repellent. It is monstrous. And I condemn it in the strongest possible terms.'  Smotrich is not a decision-maker when it comes to conduct of the war in Gaza. Before now, his incendiary remarks might have been set to one side.  But those days appear to be over. Rightly or wrongly, Israel's Prime Minister Benjamin Netanyahu is seen as in thrall to his far-right colleagues. Critics accuse him of relentlessly pursuing a war, without regard for the lives of Palestinian civilians or the remaining Israeli hostages still being held in Gaza.  Countries that have long supported Israel's right to defend itself are beginning to say 'enough is enough.'  This week was clearly a significant moment for Britain's Prime Minister Sir Keir Starmer, a staunch defender of Israel (he once said 'I support Zionism without qualification') who faced strong criticism from within the Labour Party for his reluctance last year to call for a ceasefire in Gaza.  On Tuesday, Sir Keir said the suffering of innocent children in Gaza was 'utterly intolerable'.  In the face of this unusually concerted action from some of his country's strongest allies, Netanyahu reacted furiously, suggesting Britain, France and Canada were guilty of supporting Hamas.  'When mass murderers, rapists, baby killers and kidnappers thank you, you're on the wrong side of justice,' he posted on X.  'You're on the wrong side of humanity and you're on the wrong side of history.'  Keir Starmer said that children's suffering in Gaza was 'utterly intolerable'  Israel's Foreign Minister Gideon Sa'ar went further, suggesting there was a 'direct line' between Israel's critics, including Starmer, and Wednesday night's killing of Yaron Lischinsky and Sarah Lynn Milgrim, the two Israeli embassy employees gunned down outside the Jewish Museum in Washington.  But despite the outpourings of sympathy following the shooting, the Israeli government seems increasingly isolated, with western allies and prominent members of the Jewish diaspora all voicing anger – and anguish – over the war in Gaza.  Lord Levy, former Middle East envoy and advisor to Tony Blair, said he endorsed the current government's criticisms, even suggesting they might have come 'a little late'.  'There has to be a stand, not just from us in this country but internationally, against what is going on in Gaza,' he told BBC Radio 4's The World at One, describing himself as 'a very proud Jew…who passionately cares for Israel'.  But silent, throughout all this, is the one man who could, if he wanted, stop the war.  At the end of his recent tour of the Gulf, Donald Trump said 'a lot of people are starving'.  White House officials indicated the US president was frustrated with the war and wanted the Israeli government to 'wrap it up'.  But while other western leaders release expressions of outrage, Trump is saying almost nothing."
"Billy Joel cancels tour after rare brain condition diagnosis","Fri May 23 19:12:20 EEST 2025","BBC News","https://www.bbc.co.uk/news/articles/cx2q95d4wy1o","https://ichef.bbci.co.uk/ace/branded_news/1200/cpsprodpb/e493/live/ce513150-37f8-11f0-8519-3b5a01ebe413.jpg","The star has been 'advised to refrain from performing during this recovery period'  Billy Joel has cancelled all forthcoming tour dates after being diagnosed with a rare brain condition.  The 76-year-old singer-songwriter - known for classic hits like Piano Man, Uptown Girl and We Didn't Start the Fire - is receiving 'excellent care' and is 'fully committed to prioritising his health', a statement said.  He has Normal Pressure Hydrocephalus (NPH), which is caused by a build-up of fluid in the brain and causes problems with his hearing, vision and balance.  After being told by doctors to stop performing live, he has called off 17 dates in 2025 and 2026, including stadium shows at Murrayfield in Edinburgh and Anfield in Liverpool next summer.  'I'm sincerely sorry to disappoint our audience, and thank you for understanding,' he said.  A statement issued on his behalf said Joel's condition 'has been exacerbated by recent concert performances, leading to problems with hearing, vision and balance'.  It continued: 'Under his doctor's instructions, Billy is undergoing specific physical therapy and has been advised to refrain from performing during this recovery period.  'Billy is thankful for the excellent care he is receiving and is fully committed to prioritising his health.  'He is grateful for the support from fans during this time and looks forward to the day when he can once again take the stage.'  NPH is described by the NHS, external as an uncommon and poorly understood condition that most often affects people over the age of 60.  As well as the two UK dates, he had been due to perform in the US and Canada between this July and July 2026.  He had previously postponed shows in March because of a 'medical condition', which was not specified at the time, 'to allow him to recover from recent surgery and to undergo physical therapy'.  Joel has regularly been on tour in recent years, and ended a record-breaking decade-long monthly residency at Madison Square Garden in New York last year.  He has been nominated for 23 Grammy Awards, winning five times, and was inducted into the Rock And Roll Hall Of Fame in 1999."
"Donald Trump's tariff plans could spark global economic shock","Fri May 23 19:30:58 EEST 2025","BBC News","https://www.bbc.co.uk/news/articles/czr86m8mvrmo","https://ichef.bbci.co.uk/ace/branded_news/1200/cpsprodpb/1544/live/f8a256c0-37f1-11f0-b03d-23713b9a6cf0.jpg","The resumption of the global trade war by Donald Trump comes after a period of relative calm.  But the US president's threat of a 50% tariff on all goods from the European Union in a week's time suggests the trade war tensions were merely on hold.  They have now resumed in earnest, alongside market uncertainty, and social media diplomacy.  It indicates significant volatility in the coming weeks, ahead of a crucial G7 summit in Canada next month.  The crux of what is happening right now is that after the US opted to row back on its trade-stopping tariff conflict with China, most of the rest of the world, especially key US allies, slowed up on their own negotiations with the US. Allies would not expect to be treated worse by the US than China.  Friday's intervention by President Trump is much worse that what was considered the worst-case scenario - a 20% tariff rate on the EU in early July at the end of the 90-day pause.  As his Treasury Secretary Scott Bessent openly admitted, these threats are designed to 'light a fire' under such stalled talks.  Many in the EU, and other countries such as Japan, believe the US administration is bluffing, and that it backed down against China in the face of rising inflation and market volatility, and will inevitably do so again.  So the scene is now set for an impasse or perhaps the EU to reinstate its own paused retaliation, while the rest of the world, apart from China and the UK, watches on.  The UK's trade deals with both sides insulate the British economy to some extent, but full resumption of a transatlantic tariff war would cause a trade shock that would be difficult to escape."
"Twelve injured in knife attack at Hamburg railway station","Fri May 23 19:51:54 EEST 2025","BBC News","https://www.bbc.co.uk/news/articles/cm26v7n5y4eo","https://ichef.bbci.co.uk/ace/branded_news/1200/cpsprodpb/1a2d/live/537ff930-6139-11ee-b101-6f93d6dfbcc2.png","This video can not be played  Watch: Police said a 39-year-old woman was detained at the scene  Eighteen people were injured in a knife attack at the main railway station in the German city of Hamburg on Friday evening, police said.  Hamburg police said on Saturday that four of the victims who had sustained life-threatening injuries were in a stable condition.  Officers arrested a 39-year-old German woman at the scene of the attack, which took place at about 18:00 local time (16:00 GMT) on Friday.  Police said there was 'very concrete evidence' of mental illness in the suspect, and no evidence the attack was politically motivated.  The woman remains in police custody and is scheduled to appear in court on Saturday.  The attack happened between platforms 13 and 14 - which are accessible via a busy main road - while a train was on one of the platforms.  The suspect began stabbing people waiting for the train, but was stopped by the 'rapid intervention' of two people on the platform as well as emergency services, police said.  The victims range in age from 19 to 85. Seven people were slightly injured, seven seriously injured, and four critically injured, police said.  The critically injured - a 24-year-old female, 24-year-old male, 52-year-old female, and an 85-year-old female - were stable as of Saturday.  On Saturday police said there was still no evidence of a political motive for the attack.  'Rather, there is now very concrete evidence of a mental illness on the part of the suspect,' they said, adding that the woman did not appear to have been under the influence of drugs or alcohol.  An investigation is under way.  German Chancellor Friedrich Merz said the attack was 'shocking' and thanked the emergency services for 'their rapid assistance'.  Pictures from the scene on Friday showed emergency service personnel and vehicles and barriers that seem to be hiding the injured from public view.  A video on social media appears to show the suspect with her hands behind her back being escorted out of the station platform by officers who put her in a police vehicle.  Hamburg's central station is one of Germany's busiest transport hubs. It is often crowded during Friday rush hour.  This is the latest in a series of violent attacks in Germany in recent months.  In January, a two-year-old boy and a 41-year-old man were killed in a stabbing in a park in Aschaffenburg, with several others hurt.  A Spanish tourist was stabbed just a month later at Berlin's Holocaust Memorial.  Last December, six people were killed and hundreds were injured after a car drove into a crowd at a Christmas market in the eastern city of Magdeburg.  The suspects in these previous attacks were migrants, which has led Germany to tighten border control checks and saw immigration become a key issue for voters during the country's federal elections in February.  German frontrunner vows permanent border controls after knife attack"
"Man steering Norway ship that crashed into a garden was asleep, police say","Fri May 23 17:38:16 EEST 2025","BBC News","https://www.bbc.co.uk/news/articles/c1e6jp6z6lgo","https://ichef.bbci.co.uk/ace/branded_news/1200/cpsprodpb/b34d/live/e2cd0c60-37e6-11f0-89be-1318f07bc92e.jpg","The huge ship crashed into a local resident's front garden on Thursday  The watch officer of a large container ship that ran aground and crashed into a garden in Norway has told police he was asleep at the time of the incident.  Investigators said the man, a Ukrainian national in his thirties, admitted to falling asleep while on duty on his own.  He has been charged with negligent navigation and police are also investigating whether rules regarding working and rest hours were adhered to on board the vessel.  The 135m-ship (443ft) missed a house by metres when it ran aground on Thursday morning in Byneset, near Trondheim, central Norway. Efforts to refloat it have been unsuccessful so far.  'The individual charged was the officer on watch at the time of the incident,' the prosecutor in Trøndelag Police District said in a press statement.  'During questioning, he stated that he fell asleep while on duty alone, which led to the vessel running aground,' Kjetil Bruland Sørensen added.  Local media reported that the man was in charge of steering the ship but failed to change course when entering the Trondheim Fjord.  No one was injured in the incident.  The Cypriot-flagged cargo ship, the NCL Salten, had 16 people on board and was travelling south-west through the Trondheim Fjord to Orkanger when it veered off course.  Logistics company NCL, which chartered the ship, said this was a 'serious incident' and it was grateful no one was harmed.  'This remains an ongoing rescue operation and our highest priority is to ensure a safe and secure salvage operation,' the company's statement said, adding that it was assisting police with their investigation.  Johan Helberg, who owns the property the ship nearly crashed into, described the moment he looked out of his window and saw it in his front garden.  'I had to bend my neck to see the top of it. It was so unreal,' he said in an interview with the Guardian.  Mr Helberg said he was 'astonished' to see the ship in front of his house and that it was 'five metres' away from entering his bedroom.  'It's a very bulky new neighbour but it will soon go away,' he told Norwegian television channel TV2.  He was alerted to the commotion by a panicked neighbour who heard the sound of the ship and watched as it headed straight for shore.  The neighbour's son said the experience was 'terrifying' and his father screamed when he saw the ship.  'I didn't know if I was dreaming because it was five in the morning and it was so surreal,' Bard Jorgensen told the BBC World Service's Newshour programme.  It seemed like the vessel was going to 'directly' hit the house, Mr Jorgensen said, adding that he was relieved to know his neighbour was unharmed.  According to reports, the ship had previously run aground in 2023 but crew managed to free it using its own power.  This video can not be played  Watch: Norwegian man describes waking up to cargo ship in his garden  Man in Norway wakes to find huge container ship in garden"
"Jay Slater: Snapchat footage reveals teenager's final hours in Tenerife","Fri May 23 18:13:25 EEST 2025","BBC News","https://www.bbc.co.uk/news/articles/cdd2z841g86o","https://ichef.bbci.co.uk/ace/branded_news/1200/cpsprodpb/6503/live/e4f08bd0-37ea-11f0-8947-7d6241f9fce9.jpg","This video can not be played  Jay Slater's unseen videos were released during his inquest hearing  Jay Slater captured some of his final hours in Snapchat videos sent to friends, a court heard.  The 19-year-old was found dead at the bottom of a Tenerife ravine on 15 July 2024 after having disappeared in the early hours of 17 June.  An inquest at Preston Coroner's Court was adjourned on Wednesday after a plea from his mother to seek key witnesses to events leading up to his death on the Spanish island.  The footage, released during the hearing, includes clips taken by Mr Slater in the back of a car and one in an area of mountains in the early morning of 17 June.  One short clip showed him in the back of a car heading for an AirBnB in the remote village of Masca, about 22 miles (36km) away from where he was staying.  Another shows a view of mountains, which the inquest heard Mr Slater sent to friend Joshua Forshaw, saying that it was taken between 05:50 and 07:20 that day.  A video was also released showing the search for Mr Slater following his disappearance  His mother Debbie Duncan had pleaded with senior coroner at the inquest Dr James Adeley to find two men who may have had vital information about his final moments.  Ayub Qassim and Steven Roccas were renting the AirBnB property in the village of Masca where Mr Slater had travelled earlier that morning.  Dr Adeley had told the court the Metropolitan Police had tried to find the two men in London to serve them with witness summons, but they could not be located.  Ms Duncan said in court: 'How can we ever get any understanding?  'There's things we want to question.  'We want these people to be sat in front of us, because our son went on holiday and didn't come back, so there's questions we need to ask.'  Dr Adeley agreed to adjourn the inquest for fresh attempts to find the two men despite the 'difficulties' so far.  He told Miss Duncan: 'In view of your distress we will make attempts to find them using whatever means we can.'  The disappearance of Jay Slater sparked a month long period of intense publicity on both mainstream and social media  Apprentice bricklayer Mr Slater, of Oswaldtwistle, Lancashire, was found by Spanish police in a remote national park around three hours walk from Masca after a 29 day search.  He had suffered severe head injuries consistent with a fall from height.  According to toxicology reports and his own messages to friends, Mr Slater had been under the influence of drugs and alcohol with traces of MDMA, cocaine and ketamine in his system when he died - although it was not clear how long before his death he had taken them.  Friends of Mr Slater had previously reported him getting into a car with two men, understood to be Mr Qassim and Mr Roccas, in the nightlife hotspot of Playa de las Americas where he had been attending the NRG music festival.  Jay Slater was on his first holiday abroad without his parents when he went missing  The inquest heard local man Ramon Hernandez had recalled meeting Mr Slater on the morning of 17 June in Masca as he and a friend were on their way to work.  They said Mr Slater asked if a bus or taxi would take him to Los Cristianos where he had been staying, and they told him the next bus was due at 10:00 and the area did not have a taxi service.  He was last heard from at about 08:30 BST that morning when he called his friend Lucy Law, who he told he was lost and had 1% battery on his phone before the call cut out.  The inquest had also heard from Det Ch Insp Rachel Higson, head of digital media investigations at Lancashire Police.  She said she had examined Mr Slater's phone and said it had recorded 'a lot of steps and inclines'.  Dr Richard Shepherd, a consultant forensic pathologist, told the court Mr Slater's cause of death was likely severe head injury.  He said in his opinion there were no injuries consistent with an assault or suggesting he had been restrained against his will.  The inquest is expected to resume later this summer on a date to be set.  Tell us which stories we should cover in Lancashire  Listen to the best of BBC Radio Lancashire on BBC Sounds and follow BBC Lancashire on Facebook, external, X, external and Instagram, external and watch BBC North West Tonight on BBC iPlayer.  Jay Slater's mum pleads for witnesses to attend inquest  Why did it take 29 days to find Jay Slater?  Funeral held for British teenager Jay Slater"
"British woman accused of smuggling drugs into Sri Lanka in suitcase","Fri May 23 15:32:36 EEST 2025","BBC News","https://www.bbc.co.uk/news/articles/cwy6gq0l5dgo","https://ichef.bbci.co.uk/ace/branded_news/1200/cpsprodpb/8f30/live/b869eac0-37db-11f0-96c3-cf669419a2b0.jpg","Charlotte May Lee (pictured) denies the charges  A British woman has been arrested in Sri Lanka after police allegedly found 101lbs (46kg) of the synthetic drug kush in her suitcases.  Custom officers posed for pictures with bags of drugs they accuse Charlotte May Lee, 21, from south London, of attempting to smuggle into the country earlier this month.  The former flight attendant denies knowing there were drugs in her luggage and says she believes they were planted there.  Ms Lee is being held in a prison north of the south Asian country's capital, Colombo, and is contact with her family, her lawyer told the BBC. She could face up to 25 years in prison if found guilty.  A senior officer in the Sri Lanka Customs Narcotics Control Unit said the discovery, at Colombo's Bandaranaike Airport, was the largest kush seizure in the airport's history.  Her legal representative, Sampath Perera, told the BBC his team was visiting her daily in prison in the city of Negombo, to provide support and monitor her wellbeing.  Ms Lee told Mail Online on Wednesday, external: 'I had never seen them [the drugs] before. I didn't expect it all when they pulled me over at the airport.  Bags stuffed full of drugs were found in two large suitcases, authorities say  'I thought it was going to be filled with all my stuff.'  She told the paper she had been in Thailand's capital, Bangkok, prior to the flight, and had packed in her hotel room before heading out for the night.  'They must have planted it then,' she said. 'I know who did it.'  She did not check her luggage again before heading to Colombo, where she was arrested on 12 May, said Ms Lee.  Ms Lee went to Sri Lanka as her visa was about to expire and she wanted a trip somewhere nearby before heading back to Thailand, she told the newspaper.  She added that she faces harsh conditions in the prison, including sleeping on a concrete floor.  Ms Lee was said to have flown from Bangkok's Suvarnabhumi Airport around the same time as another British woman, Bella Culley, 18, from Billingham, County Durham, who is being held in Georgia on suspicion of drug offences.  The BBC understands Ms Culley arrived in Tbilisi on a flight from the United Arab Emirates on 10 May.  Three days later, Georgia's Ministry of Internal Affairs said Ms Culley was accused of 'illegally purchasing and storing a particularly large amount of narcotics, illegally purchasing and storing the narcotic drug marijuana, and illegally importing it into Georgia'.  A senior customs officer in Sri Lanka told the BBC: 'Another passenger who had left Bangkok airport, almost at the same time, was arrested in another country. We arrested this lady [Ms Lee] based on profiling.'  He said there had been a massive increase in drugs coming via Bangkok into Sri Lanka.  'This has been a real nuisance.'  Ms Culley could face up to 20 years in jail or life imprisonment if found guilty.  She is being detained before trial while Georgian authorities investigate where 26lbs (12kg) of marijuana and 4.4lbs (2kg) of hashish found in a travel bag came from, and whether she was planning on handing it over to someone else."
"Trump threatens tariffs on Apple iPhones and EU products","Fri May 23 13:33:06 EEST 2025","BBC News","https://www.bbc.co.uk/news/articles/cgr5xrygzk5o","https://ichef.bbci.co.uk/ace/branded_news/1200/cpsprodpb/1a2d/live/537ff930-6139-11ee-b101-6f93d6dfbcc2.png","US President Donald Trump reignited trade tensions on Friday, threatening a 50% tariff on all goods sent to the United States from the European Union.  He also warned Apple that he would impose a 25% import tax 'at least' on iPhones not manufactured in America, later widening the threat to any smartphone.  The warning against the EU came just hours before the two sides were set to have trade talks. Trump last month announced a 20% tariff on most EU goods, but had halved it to 10% until 8 July to allow time for negotiations.  In a statement after the talks, the EU said it remained committed to securing a deal, while warning again that it was prepared to retaliate.  'EU-US trade is unmatched & must be guided by mutual respect, not threats,' European Union Trade Commissioner Maroš Šefčovič wrote on social media, external. 'We stand ready to defend our interests.'  In remarks to reporters at the White House on Friday afternoon, Trump expressed impatience with the pace of negotiations, saying his plan to raise tariffs on 1 June was set.  'I'm not looking for a deal - we've set the deal,' he added, before immediately adding that a big investment in the US by a European company might make him open to a delay.  'We're going to see what happens but right now it's going on on June 1st,' he said.  Analysts said it remained to be seen whether Trump's rhetoric would turn into reality.  Trade expert Aslak Berg from the Centre for European Reform told the BBC that he thought Trump's post was intended to increase leverage ahead of the negotiations.  'But the fact of the matter is the EU is not going to budge. They are going to stay calm, carry on and it will be a very difficult discussion,' he said.  He added that Trump's re-escalation of tariffs set a bad precedent for other deals the US might be working on.  'For a while there was this perception ... that Trump was backing off, that we would have a bit of quiet and stability. This shows that is not at all the case,' he said.  Faisal Islam: Trump's tariff plans could spark global economic shock  Since re-entering the White House, Trump has imposed and threatened various tariffs on goods from countries around the world, arguing that the measures - which are a tax on imports - will boost US manufacturing and protect jobs from foreign competition.  The announcements have sparked worries globally, because they will make it more expensive and difficult for foreign businesses to sell goods in the world's largest economy.  But Trump has also backed down from some of his most aggressive proposals after financial market turmoil and business outcry in the US.  Shares in the US and EU fell on Friday after the latest threats, with the S&P 500 down about 0.7% and Germany's Dax and France's Cac 40 ending the day down more than 1.5%.  Shares in Apple, which had won relief last month when Trump exempted key electronics including smartphones from his tariffs, fell about 3%.  Officials at the time warned it would be temporary. Speaking to reporters later on Friday, Trump said he did not intend to single out Apple but planned to apply the duties to all smart phones, which could start by the end of June.  The EU is one of the US's largest trading partners, sending more than $600bn in goods to the US last year and buying about $370bn worth, according to US government figures.  Trump's complaints about Europe have focused on that uneven trade relationship, as the EU sells more goods to the US than it buys from America.  He blames this trade deficit on policies that he says are unfair to American companies, and he has specifically raised concerns about policies related to cars and agricultural products.  He targeted goods from the EU with a 20% tariff in his so-called Liberation Day announcement last month, which set off a flurry of negotiations between the US and countries around the world.  While some countries, especially smaller ones, have taken a conciliatory approach, the EU, like China and Canada, has pushed back harder against the threats, saying it is prepared to retaliate by raising its own tariffs on US products.  On Friday, Trump said the EU had been 'very difficult to deal with'.  US Treasury Secretary Scott Bessent told Fox News that he hoped the threat 'would light a fire under the EU'.  Politicians from members of the bloc greeted it with dismay.  Ireland's Taoiseach Micheál Martin said the EU had been engaging in 'good faith' and warned that tariffs would be damaging to both sides.  'We do not need to go down this road,' he said. 'Negotiations are the best and only sustainable way forward.'  'We are maintaining the same line: de-escalation, but we are ready to respond,' French Foreign Minister Laurent Saint-Martin wrote on social media on Friday morning, adding that the pressure was 'not helping' the negotiations.  German Economy Minister Katherina Reiche said her country needed 'more trade, not less'.  'We must do everything to ensure that the European Commission reaches a negotiated solution with the United States,' she said.  Trump has ploughed ahead with tariffs, despite widespread concern among experts that the new taxes will lead to economic damage while doing little to achieve his aims.  On Friday, Wedbush Securities analyst Dan Ives said the idea that Apple would make iPhones in the US was a 'fairy tale that is not feasible'.  He added that he expected Apple to continue to be able to navigate the situation, despite the latest attack from Trump, who has long singled out the company as one he wants to see manufacturing in the US.  Trump met with Apple chief executive Tim Cook at the White House earlier this week, after expressing unhappiness about the firm's response to the tariffs.  Earlier this month, company said it was shifting production of most of its iPhones and other devices destined to be sold in the US away from China, but towards countries such as India and Vietnam, rather than the US.  Trump earlier this month said he had a 'little problem' with Mr Cook, and had warned him: 'I don't want you building in India.''  Follow the twists and turns of Trump's second term with North America correspondent Anthony Zurcher's weekly US Politics Unspun newsletter. Readers in the UK can sign up here. Those outside the UK can sign up here."
"Energy price cap: Ofgem confirms fall but says fixing could save money","Fri May 23 10:25:15 EEST 2025","BBC News","https://www.bbc.co.uk/news/articles/cn7zdzz83y0o","https://ichef.bbci.co.uk/ace/branded_news/1200/cpsprodpb/d136/live/73b199d0-36f2-11f0-a175-eb6d05349cb6.jpg","Households are being urged to shop around for cheaper energy deals despite prices falling from July.  A typical gas and electricity bill will fall by £11 a month from July, but regulator Ofgem said switching to a fixed deal could provide better value for many customers.  It said shopping around could lead to a £200 annual saving, but anyone currently on a fixed deal will not benefit from the fall this summer.  The cheaper bills will kick in at the warmest time of the year, when energy use is lower, but prices are not expected to change much later this year.  Every three months, the regulator's price cap, sets a maximum that suppliers can charge for each unit of energy, affecting 21 million households in England, Scotland and Wales on variable tariffs.  The price cap does not apply in Northern Ireland, which has its own energy market.  The drop in price is the first for a year, meaning a household using a typical amount of energy will see their annual bill fall by £129.  Customers on variable deals can estimate their own potential saving in energy bills in July by knocking 7% off their monthly direct debit. Typically, that will be about £11 a month.  Ofgem has said while its price cap will be lower, there are cheaper deals being offered for fixed deals, which usually last a year, by some suppliers. Securing a fixed deal can offer people certainty over monthly payments.  'I want to remind people is that you don't have to pay the price cap – there are better deals out there so it's important to shop around, and talk to your existing supplier about the best deal they can offer you,' said Tim Jarvis, director general of markets at Ofgem.  Currently 35% of billpayers are on a fixed tariff, up from just 15% a year ago when fewer offers were available.  But not everyone can switch, including anyone in debt to their supplier.  'Others may simply lack confidence due to previous bad experiences with moving to another supplier or fixed deal. This means we can't rely on the benefits of switching alone to help these households afford their bills,' said Peter Smith, from charity National Energy Action.  Mr Jarvis said the drop in energy bills in July reflected a fall in the international price of wholesale gas.  'However, we're acutely aware that prices remain high, and some continue to struggle with the cost of energy,' he said.  Households were hit by a series of bill hikes for energy, water and council tax at the start of April, which drove inflation, which charts the rising cost of living, to its highest for more than a year.  However, official figures released on Friday showed retail sales rose by 1.2% in April, the fourth monthly increase in a row, in a sign consumers were willing to spend more on food and household goods.  Warmer temperatures and sunny weather also drove sales higher, the Office for National Statistics said.  How much is the winter fuel payment and who can still get it?  Energy price cap: What next for gas and electricity bills and can I fix?  Send us your questions about the energy price cap  Although the energy cap changes every three months, the regulator illustrates the effect of this with the annual bill for a household using a typical amount of gas and electricity.  This typical household is assumed to use 11,500 kWh of gas and 2,700 kWh of electricity a year with a single bill for gas and electricity, settled by direct debit.  The 7% fall will mean a typical annual bill for a dual-fuel customer paying by direct debit will cost £1,720, down from the current level of £1,849.  It will also more than reverse the £111 increase under the current price cap, which came into force at the start of April.  However, prices will still be higher than a year earlier, and significantly above levels seen at the start of the decade.  High bills in recent years have also led to ballooning levels of customer debt to suppliers, with just under £4bn owed.  Dame Clare Moriarty, chief executive at Citizens Advice, said the latest energy price cap announcement would be 'cold comfort to the millions paying off a mountain of debt on top of their monthly costs'.  'The government has said it hopes to provide more support to pensioners this winter, but we know that people with children are often struggling most of all with energy,' she said.  'It must provide more targeted energy bill support to those hardest hit, and upgrade five million homes with money-saving energy efficiency measures.'  Gillian Roberts says she keeps a close eye on her meter  At Seedley Pavilion Community Cafe and Gardens in Salford, they are growing produce to try to keep costs down.  Gillian Roberts, 49, said it was 'about time' energy prices start to fall.  'I used to stay at my friend's house most of the time so I wouldn't be at my flat using energy. I'd be there so we could split the cost of energy and pay it together,' she said.  'I have a meter that I read once a month and I just keep my eye on things as much as I possibly can.'  The price cap announcement comes just two days after Prime Minister Sir Keir Starmer signalled a partial U-turn on cuts to winter fuel payments.  More than 10 million pensioners lost out on the payments, worth up to £300 when the top-up became means-tested last year.  However, Sir Keir said on Wednesday that the government wanted 'more pensioners' to be eligible again.  It remains unclear how many will regain their entitlement for the payments, how that will be achieved, or when the changes will take effect.  Bills are calculated based on individual usage. However, standing charges, which cover the cost of being connected to an energy supply, are fixed.  The regulator said these charges would typically drop by £19 a year under the July cap for people on variable tariffs or prepayment meters, although they vary sharply by region.  The latest changes mean that in July:  Gas prices will be capped at an average of 6.33p per kilowatt hour (kWh), and electricity at 25.73p per kWh - down from 6.99p and 27.03p respectively. A typical household uses 2,700 kWh of electricity a year, and 11,500 kWh of gas  Households on pre-payment meters will pay slightly less than those on direct debit, with a typical annual bill of £1,672  Those who pay their bills by cash or cheque will pay more, with a typical annual bill of £1,855  Standing charges will fall to 51.37p a day for electricity and to 29.82p a day for gas, compared with 53.8p and 32.67p respectively, although they vary by region  The regulator is considering changes to the system of standing charges, although that has brought renewed debate over how they operate.  Additional reporting by Abi Smitton  Do you have any questions about the energy price cap? Get in touch."
"Boeing to pay $1.1B to avoid criminal prosecution in 737 Max case","Fri May 23 18:59:22 EEST 2025","Associated Press","https://apnews.com/article/boeing-justice-department-max-crashes-9f7250a2e2b400b31e19f2b261f78163","https://dims.apnews.com/dims4/default/0c4a7de/2147483647/strip/true/crop/5152x2898+0+269/resize/1440x810!/quality/90/?url=https%3A%2F%2Fassets.apnews.com%2F90%2F4d%2F6cdef9f569815e27fc200d596fb6%2F47ba134b01504dbba19c160883966197","WASHINGTON (AP) The Justice Department has reached a deal with Boeing that will allow the airplane giant to avoid criminal prosecution for allegedly misleading U.S. regulators about the 737 Max jetli… [+2885 chars]"
"Billy Joel stops tour after being diagnosed with a brain disorder","Fri May 23 18:13:04 EEST 2025","Associated Press","https://apnews.com/article/billy-joel-tour-2025-2813cbc970f48295f62014181ac53eae","https://dims.apnews.com/dims4/default/f767d19/2147483647/strip/true/crop/3500x1969+0+198/resize/1440x810!/quality/90/?url=https%3A%2F%2Fassets.apnews.com%2Fe5%2F96%2F806d5b96a125c91771a9a9016035%2F1ab1713e9e534f25893393f95e27a29d","NEW YORK (AP) Billy Joel has canceled all his upcoming concerts across North America and England after being diagnosed with fluid buildup in his brain that has affected his hearing, vision and balanc… [+1560 chars]"
"Harvard international students' sanction by Trump administration hurts global allure","Fri May 23 17:46:11 EEST 2025","Associated Press","https://apnews.com/article/harvard-international-students-trump-2c72d5d0dc83949cfc03f81660419b31","https://dims.apnews.com/dims4/default/435c5a6/2147483647/strip/true/crop/4116x2315+0+214/resize/1440x810!/quality/90/?url=https%3A%2F%2Fassets.apnews.com%2F95%2F42%2Ff46f197d702f52e131b55bf70a35%2F1674aa3aa7314708ad42721731b58e3a","WASHINGTON (AP) For students around the world, an acceptance letter to Harvard University has represented the pinnacle of achievement, offering a spot among the elite at a campus that produces Nobel … [+4768 chars]"
"12 people injured in stabbing at Hamburg train station, authorities say","Fri May 23 17:20:10 EEST 2025","Associated Press","https://apnews.com/article/stabbing-hamburg-train-station-aa0c9d31a07e6055cf465986cbe578d0","https://dims.apnews.com/dims4/default/6d391f2/2147483647/strip/true/crop/4032x2268+0+378/resize/1440x810!/quality/90/?url=https%3A%2F%2Fassets.apnews.com%2Fc9%2F15%2F9e4886f2d483a9d9a5acdf8829a8%2Fe00116d7f5b54b45a1d60592ea5c45b4","BERLIN (AP) An assailant stabbed people at the central railway station in the German city of Hamburg on Friday, injuring 12 people six of them critically, authorities said.  A suspect in the attack w… [+470 chars]"
"What issues to watch as 'big, beautiful bill' heads to Senate","Fri May 23 17:06:52 EEST 2025","Associated Press","https://apnews.com/article/tax-cuts-medicaid-congress-senate-trump-bill-2825f8fa0e96a00cf72a6de6a5a88a25","https://dims.apnews.com/dims4/default/c695ee7/2147483647/strip/true/crop/6000x3375+0+312/resize/1440x810!/quality/90/?url=https%3A%2F%2Fassets.apnews.com%2F7c%2F1c%2F66b09e8e9f9f5170e320183e582f%2F302b598ab5c942f7b58676fed6692087","WASHINGTON (AP) House Republicans were jubilant after muscling through President Donald Trumps big, beautiful tax and immigration package by a single vote. But across the Capitol, senators were more … [+5873 chars]"
"New Orleans jail escape highlights decades of issues","Fri May 23 16:51:41 EEST 2025","Associated Press","https://apnews.com/article/new-orleans-jail-history-escape-f525fb6102af030dba48e3c7c9af276a","https://dims.apnews.com/dims4/default/9bf9d3f/2147483647/strip/true/crop/4000x2250+0+137/resize/1440x810!/quality/90/?url=https%3A%2F%2Fassets.apnews.com%2F1c%2Ff8%2F76f05d9ff5765c7bae0b010b1354%2Fe1b6839a511d4570a530b45e93f399fa","NEW ORLEANS (AP) In the city that care forgot, the party had made its way into the prison.  More than a decade before the recent New Orleans jailbreak, the citys lawless lockup went viral in a series… [+6989 chars]"
"Harvard sues over ban on foreign student enrollment","Fri May 23 12:33:43 EEST 2025","Associated Press","https://apnews.com/article/harvard-foreign-students-enrollment-trump-lawsuit-94b65866c563e67a7a7a3c79e90144d6","https://dims.apnews.com/dims4/default/435c5a6/2147483647/strip/true/crop/4116x2315+0+214/resize/1440x810!/quality/90/?url=https%3A%2F%2Fassets.apnews.com%2F95%2F42%2Ff46f197d702f52e131b55bf70a35%2F1674aa3aa7314708ad42721731b58e3a","WASHINGTON (AP) Harvard University is challenging the Trump administrations decision to bar the Ivy League school from enrolling foreign students, calling it unconstitutional retaliation for defying … [+2561 chars]"
"Trump threatens 25% import tax on Apple unless iPhones are made in the US","Fri May 23 11:39:48 EEST 2025","Associated Press","https://apnews.com/article/trump-tariff-apple-iphone-tax-170021e8fad22878d0183b5d48971087","https://dims.apnews.com/dims4/default/060d102/2147483647/strip/true/crop/5383x3028+0+281/resize/1440x810!/quality/90/?url=https%3A%2F%2Fassets.apnews.com%2Fbf%2F4a%2F263e817a39437ebb480885f4b629%2F2b51e19e1e9649db8f993672e49ba853","WASHINGTON (AP) President Donald Trump on Friday threatened to put a 25% tariff on Apple products unless iPhones are manufactured in the United States.  The threat delivered over social media could d… [+966 chars]"
"Ukrainian official says major prisoner swap with Russia is underway","Fri May 23 10:32:46 EEST 2025","Associated Press","https://apnews.com/article/russia-ukraine-war-trump-prisoner-swap-8b745966e2f9a484d80ed89fb70d5648","https://dims.apnews.com/dims4/default/0e8698a/2147483647/strip/true/crop/3811x2144+0+119/resize/1440x810!/quality/90/?url=https%3A%2F%2Fassets.apnews.com%2Fd7%2F9c%2Ffbd6560b58bb196ad2d4291a20e0%2F5f8a75af4c0541488debe56ffb388b6d","CHERNIHIV REGION, Ukraine (AP) An exchange of prisoners between Russia and Ukraine from their more than three-year war was underway Friday, a senior Ukrainian official said.  The swap was not yet fin… [+1571 chars]"
"Paris court finds ringleader and 7 others guilty in 2016 robbery of Kim Kardashian","Fri May 23 05:13:18 EEST 2025","Associated Press","https://apnews.com/article/kim-kardashian-heist-verdict-ff574b4b9427f7908ab32e3ee0008fef","https://dims.apnews.com/dims4/default/26f4165/2147483647/strip/true/crop/2459x1383+0+128/resize/1440x810!/quality/90/?url=https%3A%2F%2Fassets.apnews.com%2Fbd%2Fb1%2F10de45c3306bdf907f9376fd0731%2F853d254a40444d6b8125068877046e1c","PARIS (AP) A Paris court on Friday found the ringleader and seven other people guilty in the robbery of Kim Kardashian in 2016.  The court acquitted two of the 10 defendants. The sentences being read… [+6227 chars]"
